{
  "debugFiles|debugSetting.application.hay-CAF": true,
  "debugFiles|debugSetting.application.hay-CAF@ModuleFontStyle": "Bold|Underline",
  "debugFiles|debugSetting.application.hay-CAF@FunctionFontStyle": "Bold|Underline",
  "debugFiles|debugSetting.application.hay-CAF@MessageFontStyle": "Underline",
  "debugFiles|debugSetting.application.hay-CAF@DataFontStyle": "Bold",
  "debugFiles|debugSetting.application.hay-CAF@ModuleFontColor": "0,0,0",
  "debugFiles|debugSetting.application.hay-CAF@FunctionFontColor": "0,0,0",
  "debugFiles|debugSetting.application.hay-CAF@MessageFontColor": "0,0,0",
  "debugFiles|debugSetting.application.hay-CAF@DataFontColor": "Yellow",
  "debugFiles|debugSetting.application.hay-CAF@ModuleFontBackgroundColor": "255,255,255",
  "debugFiles|debugSetting.application.hay-CAF@FunctionFontBackgroundColor": "255,255,255",
  "debugFiles|debugSetting.application.hay-CAF@MessageFontBackgroundColor": "255,255,255",
  "debugFiles|debugSetting.application.hay-CAF@DataFontBackgroundColor": "255,255,255",
  "debugFunctions|debugSetting.application.hay-CAF.application": true,
  "debugFunctions|debugSetting.application.hay-CAF.application@ModuleFontStyle": "Default",
  "debugFunctions|debugSetting.application.hay-CAF.application@FunctionFontStyle": "Default",
  "debugFunctions|debugSetting.application.hay-CAF.application@MessageFontStyle": "Default",
  "debugFunctions|debugSetting.application.hay-CAF.application@DataFontStyle": "Default",
  "debugFunctions|debugSetting.application.hay-CAF.application@ModuleFontColor": "Default",
  "debugFunctions|debugSetting.application.hay-CAF.application@FunctionFontColor": "Default",
  "debugFunctions|debugSetting.application.hay-CAF.application@MessageFontColor": "Default",
  "debugFunctions|debugSetting.application.hay-CAF.application@DataFontColor": "Default",
  "debugFunctions|debugSetting.application.hay-CAF.application@ModuleFontBackgroundColor": "Default",
  "debugFunctions|debugSetting.application.hay-CAF.application@FunctionFontBackgroundColor": "Default",
  "debugFunctions|debugSetting.application.hay-CAF.application@MessageFontBackgroundColor": "Default",
  "debugFunctions|debugSetting.application.hay-CAF.application@DataFontBackgroundColor": "Default"
}