{
  "system.dateTimeStamp": "YYYYMMDD-HHmmss-SSS",
  "system.dateStamp": "YYYYMMDD",
  "system.timeStamp": "HHmmss-SSS",
  "system.argumentDrivenInterface": false,
  "system.figletFont": "Star Wars",
  "system.debugSettings": true,
  "system.consoleLogEnabled": true,
  "system.logFileEnabled": true,
  "system.includeDateTimeStampInLogFiles": true,
  "system.enableColorizedConsoleLogs": true,
  "system.primaryCommandDelimiter": null,
  "system.secondaryCommandDelimiter": ",",
  "system.tertiaryCommandDelimiter": "|",
  "system.enableBusinessRuleOutput": true,
  "system.enableBusinessRulePerformanceMetrics": true,
  "system.enableCommandPerformanceMetrics": true,
  "system.clearBusinessRulesPerformanceDataAfterAnalysis": false,
  "system.clearCommandPerformanceDataAfterAnalysis": false,
  "system.printDataHiveToLogFile": true,
  "system.enablePluginLoader": false,
  "system.synchronizePluginRegistryWithPluginFolder": false,
  "system.enableConstantsValidation": true,
  "system.displayIndividualConstantsValidationPassMessages": false,
  "system.displayIndividualConstantsValidationFailMessages": true,
  "system.displaySummaryConstantsValidationPassMessages": true,
  "system.displaySummaryConstantsValidationFailMessages": true,
  "system.configurationInitialized": false,
  "system.logUserEnteredCommands": true,
  "system.logAllCommands": true,
  "system.enableUserCommandsLogClearing": true,
  "system.enableAllCommandsLogClearing": true
}